{
	"SettingsBackgroundColor": "cfcfcfc0",
	"SettingsPosition": {
		"x": 0.0,
		"y": 0.0,
		"z": 0.0
	},
	"SettingsSize": {
		"x": 0.8766505,
		"y": 0.3216019,
		"z": 1.0,
		"w": 0.6497962
	},
	"ColorPickerSize": {
		"x": 0.159,
		"y": 0.0638224,
		"z": 0.841,
		"w": 0.53
	},
	"ImperfectionsSize": {
		"x": 0.756,
		"y": 0.6615328,
		"z": 0.8790001,
		"w": 0.7515328
	},
	"ImperfectionsTextSize": {
		"x": 0.121,
		"y": 0.6615328,
		"z": 0.756,
		"w": 0.7515328
	},
	"LabelTextSize": {
		"x": 0.176,
		"y": 0.883,
		"z": 0.822,
		"w": 0.963
	},
	"HexLabelFieldSize": {
		"x": 0.121,
		"y": 0.7730001,
		"z": 0.348,
		"w": 0.8458225
	},
	"HexInputFieldSize": {
		"x": 0.4197776,
		"y": 0.7730001,
		"z": 0.8705553,
		"w": 0.8458225
	},
	"LiquidSize": {
		"x": 0.756,
		"y": 0.56,
		"z": 0.8790001,
		"w": 0.64
	},
	"LiquidTextSize": {
		"x": 0.121,
		"y": 0.56,
		"z": 0.756,
		"w": 0.64
	}
}